,phrases,English,frequency
0,abr estal,ABR Estal,4
1,abr reclam,ABR Reclam,4
2,ach produt,ACH PRODUT,5
3,agor cheg,agor,5
4,agor nad,Agor Nad,18
5,agor ninguém,agor nobody,6
6,agor não,agor,7
7,agor receb,Agor receives,16
8,agor receb produt,Agor receives Produt,8
9,agor tiv,agor tiv,4
10,aguard aind,wait,4
11,aguard contat,Wait for contact,5
12,aguard orient,Aguard Orient,4
13,aguard pos,agard,4
14,aguard produt,Aguard Produt,5
15,aguard reembols,Aguard repayment,4
16,aguard respost,await response,8
17,aguard retorn,awaiting return,13
18,aguard soluç,Aguard Soluç,4
19,agênc correi,Post Office,4
20,aind aguard,Aind Aguard,10
21,aind cheg,Still Enough,22
22,aind foi,AInd was,17
23,aind foi entreg,Aind was deliver,14
24,aind não,not yet,11
25,aind não receb,I have not received yet,7
26,aind obtiv,Aind Obtiv,4
27,aind produt,AInd Produt,4
28,aind receb,still receives,46
29,aind receb produt,still receives product,27
30,aind tinh,still had,4
31,aind tiv,Aind Tiv,5
32,além diss,in addition,7
33,além não,besides not,4
34,além produt,In addition,4
35,and eighteen,and Eighteen,31
36,and eighteen até,and Eighteen until,6
37,and eighteen até agor,and Eighteen until Agor,3
38,and fifteen,and fifteen,3
39,and fit,and fit,7
40,and fitá,And Fitá,6
41,and forte,and strong,10
42,and gineta,And Gineta,4
43,and jour,and jour,3
44,and night,AND NIGHT,7
45,and one,and one,3
46,and setenta,and seventy,7
47,and setenta on,And Seventy On,4
48,and sext,and SEXT,3
49,and sexta,and sixth,11
50,and tent,and tent,6
51,and tento,and try,8
52,and tento seren,and try to seren,3
53,and twentyv,and twentyv,3
54,ant praz,Ant Praz,14
55,apen not,apen not,3
56,apen not fiscal,Apen not tax,3
57,apen one,apen one,31
58,apen one unidad,Apen One UNIDAD,3
59,apen quer,whether,3
60,apen receb,APEN receives,3
61,apen tão,apen so,6
62,apes est,apes,3
63,apresent vit,vit,3
64,as lannist,Lannist,4
65,as loj,Loj,5
66,as loj lannist,Loj Lannist,3
67,assim entreg,so intergent,4
68,assim não,not like this,4
69,assim receb,so I received,3
70,ate agor,AT AGOR,15
71,ate agor nad,"until now, nothing",5
72,ate agor não,until agor does not,4
73,ate hoj,up,3
74,ate moment,until moment,3
75,ato compr,compass,3
76,atras entreg,delivery,7
77,até agor,until agor,39
78,até agor nad,Until Agor NAD,8
79,até agor ninguém,even nobody,4
80,até agor receb,Until Agor,4
81,até agor tiv,Until AGOR TIV,4
82,até dia,until day,5
83,até hoj,to Hoj,10
84,até hoj nad,Until Hoj Nad,4
85,até há,there is,3
86,até moment,even moment,13
87,até moment nad,Until Moment Nad,3
88,até moment receb,until moment,5
89,até pres,even,3
90,avali aind,Avali AInd,3
91,avis não,avis,3
92,baix qual,bave which,9
93,bem ant,well,4
94,bem ant praz,Well Ant Praz,3
95,bem inferi,well inferred,6
96,boa noit,noit,10
97,boa noit receb,Good Night Receive,3
98,boa tard,tard,13
99,boa tard produt,Good Tard Production,3
100,boa tard receb,good tard,3
101,bom dia,Good Morning,16
102,bom dia compr,Good morning.,3
103,bom dia gost,"Good morning, hick.",3
104,caix lent,lent,4
105,cancel compr,Cancel Comp,19
106,cancel ped,cancel ped,17
107,cancel produt,Cancel Produt,4
108,cap colchã,cap,4
109,cart crédit,Cart Crédit,7
110,cas que,which,4
111,cheg agor,Enough now,4
112,cheg aind,chef aid,7
113,cheg ant,reach,4
114,cheg apen,chef,8
115,cheg atras,back,4
116,cheg até,up,4
117,cheg dat,dat,5
118,cheg dat prev,chef dataprev,4
119,cheg dia,day,5
120,cheg minh,chef ming,7
121,cheg nad,Crazy,4
122,cheg não,no,4
123,cheg outr,Check-out,5
124,cheg produt,Chief Product,9
125,cheg soment,chef only,4
126,cheg tod,chef todd,4
127,com defeit,broked,7
128,com problem,with problem,4
129,complet difer,Complet Defer,8
130,compr cancel,CRANCE CANCEL,5
131,compr cheg,COMPER,4
132,compr compr,Compult,5
133,compr dia,B &,4
134,compr doi,COMP,30
135,compr doi produt,BRESS DOI PRODUT,7
136,compr dua,Comult Dua,21
137,compr dua unidad,Compar Dua UNIDAD,5
138,compr feit,Compa Feit,6
139,compr foi,compartment,7
140,compr jog,BRIP,4
141,compr jour,BRONT JOUR,6
142,compr lannist,Prong Lannist,12
143,compr loj,purchase store,7
144,compr loj lannist,purchase Lannister Store,5
145,compr mesm,even,8
146,compr model,COP MODEL,5
147,compr nest,BRESS,4
148,compr nov,compens nov,4
149,compr não,comp,9
150,compr pag,CRIP PAG,11
151,compr poi,compo poi,4
152,compr produt,buy product,54
153,compr produt receb,Comput Product,4
154,compr produt receb outr,purchase product receives another,4
155,compr produt vei,Produt Vei,5
156,compr relógi,buy clock,9
157,compr sim,BRESS,7
158,compr tit,Comprint,6
159,compr tiv,Compa tiv,6
160,compr tre,Comprint,13
161,compr trê,Compan,4
162,compr tão,BRESS,49
163,compr tão produt,BRESS so produt,4
164,compr um,B & B,6
165,compr vit,County vit,13
166,compr vit lannist,Buy Vit Lannister,6
167,conform anunci,as an announcement,5
168,conform compr,CUP,4
169,consegu entr,enter,5
170,consig contat,Consig Contact,6
171,consig entr,consig entR,4
172,consig fal,consign fot,7
173,const entreg,const,8
174,const vit,const vit,5
175,contat comig,count on me,5
176,contat lannist,Contact Lannister,8
177,contat loj,Contact store,9
178,contat não,Contat No,4
179,contat vend,contact sales,4
180,cor azul,blue color,4
181,cor err,err color,7
182,corret produt,Correct Products,4
183,cumpr praz,frizz,6
184,da loj,loj,4
185,dat prev,dataprev,6
186,dat receb,Dat receive,5
187,de mê,mee,4
188,de one,One,4
189,defeit func,defective func,5
190,defeit não,defective,4
191,dem entreg,mistretch,9
192,dentr praz,within term,9
193,descr produt,descr,5
194,desd dia,desd,5
195,dess vez,after time,6
196,dest vez,once,7
197,deu cert,cert,4
198,dev faz,dev do,4
199,dev ser,deve,7
200,dev ter,deve,6
201,devoluç dinh,cash back,4
202,devoluç produt,Return product,15
203,devolv dinh,return money,9
204,devolv produt,return product,10
205,dia aind,day aind,7
206,dia atras,day ago,4
207,dia compr,day,5
208,dia entreg,day intergation,5
209,dia one,day one,5
210,dia praz,DAY PRAZ,5
211,dia sim,day yes,8
212,dia sim sim,"Yes, yes",4
213,dia ten,day ten,6
214,dia tento,day I try,26
215,dia tento jour,Day I try Jour,7
216,dia tento tres,Day I try three,4
217,dia teve,day had,4
218,dia tirte,sad day,5
219,difer anunci,difer annunci,8
220,difer compr,difer,4
221,difer fat,difference,7
222,difer imag,Defer Imag,3
223,difer ped,Defer Ped,3
224,difer produt,Difer Produt,3
225,difer que,difference,15
226,difer que compr,vign,3
227,difer que ped,pedest,4
228,difer solicit,Defer request,5
229,difer solicit aguard,Defer Request Augard,3
230,difer solicit aguard orient,Defer Request Aguard Orient,3
231,dinh de,digne,3
232,dinh de volt,dinh de volt,3
233,dinh volt,dinh volt,29
234,disponibil produt,Produt,3
235,diss não,distinguis,4
236,divers vez,divers,3
237,diz foi,he says,3
238,diz foi entreg,says it was entert,3
239,diz produt,Product says,3
240,do praz,praz,4
241,do produt,producer,6
242,do receb,of the,3
243,doi dia,daily,3
244,doi jog,doi jog,4
245,doi pend,doi pend,3
246,doi perfum,hurt perfum,3
247,doi produt,DOI PRODUT,12
248,doi tem,of item,6
249,dor cabeç,headache,5
250,dua luminár,Dua Luminár,4
251,dua unidad,dua unidad,9
252,dua vez,dua time,3
253,efet compr,effet,6
254,efetu troc,execte troc,7
255,eighteen aind,Eighteen aind,3
256,eighteen até,Eighteen until,8
257,eighteen até agor,Eighteen to Agor,4
258,eighteen até moment,Eighteen until moment,3
259,eighteen receb,eighteen,3
260,ele fal,he fal,3
261,emit not,Emit Not,3
262,emit not fiscal,Emit not fiscal,3
263,empr entreg,Company delivery,3
264,empr targaryen,Targaryen Empr,3
265,encaix corret,correct fit,3
266,entr contat,enter account,55
267,entr contat comig,between contact with me,4
268,entr contat lannist,LANNISTER account,7
269,entr contat loj,between contact store,4
270,entr em,enter,3
271,entr ped,entger,3
272,entreg aguard,Entrig Aguard,3
273,entreg aind,deliver,14
274,entreg aind receb,Delivery to receive,4
275,entreg ant,Interreg Ant,3
276,entreg ant praz,Delivery before time,3
277,entreg apen,Entrec Apen,12
278,entreg apen one,Delivery Aspen One,6
279,entreg apen tão,Enter APEN so,3
280,entreg as,deliver,3
281,entreg ate,interwax,3
282,entreg atras,delivery,3
283,entreg até,deliver,5
284,entreg até dia,deliver until day,3
285,entreg const,Entrig Const,3
286,entreg correi,mail delivery,5
287,entreg dia,delivery day,19
288,entreg dia tento,deliver day,7
289,entreg dia tento tres,Enter day I try three,3
290,entreg do,deliver,3
291,entreg est,deliver,3
292,entreg feit,delivery,3
293,entreg foi,deliver,4
294,entreg lug,Entrig Lug,3
295,entreg lug err,Entrig Lug Err,3
296,entreg mercad,Market delivery,3
297,entreg minh,Entrig Minh,7
298,entreg minh cas,Entrig Minh CAS,5
299,entreg moment,Entretch Moment,5
300,entreg muit,delivery,3
301,entreg nenhum,deliver any,3
302,entreg not,deliver,3
303,entreg não,deliver,10
304,entreg não receb,delivery does not receive,4
305,entreg one,deliver,6
306,entreg outr,otherwise,14
307,entreg ped,deliver,5
308,entreg porém,deliver,4
309,entreg praz,delivery time,8
310,entreg produt,Delivery Product,51
311,entreg produt difer,delivery product differs,4
312,entreg que,deliver,4
313,entreg quer,deliver,7
314,entreg receb,delivery receives,5
315,entreg se,deliver,4
316,entreg soment,Delivery only,5
317,entreg tento,intergent,5
318,entreg tão,deliver,5
319,envi apen,APEN,4
320,envi mail,Email,9
321,envi mens,SVI Mens,4
322,envi outr,SNUS OUT,4
323,envi produt,SUBER PRODUT,21
324,err compr,err,5
325,err não,no,4
326,esper produt,Esper Production,10
327,esper receb,esper,5
328,esper respost,esperp,5
329,est aguard,estuard,9
330,est dand,dand,4
331,est funcion,estate,6
332,eu compr,I buy,13
333,eu receb,I received,6
334,falt jour,falt jour,4
335,falt one,falt one,4
336,falt peç,falt,7
337,falt produt,Falt Produt,5
338,falt respeit,lack,14
339,falt respeit client,Falt Respect Client,6
340,falt respeit consum,lack respect consumption,4
341,fat produt,Fat Produt,7
342,faz de,makes,4
343,faz devoluç,do return,4
344,faz troc,troc,13
345,fifteen dia,fifteen day,4
346,fiq bem,fiq,4
347,fiq satisfeit,Fiq Satisfied,5
348,fiscal const,fiscal const,4
349,fiscal produt,fiscal produt,4
350,fiscal vei,tax vei,5
351,fiz compr,I did,19
352,fiz ped,asked ped,15
353,fiz reclam,I complain,5
354,foi entreg,was entered,87
355,foi entreg quer,was delivered either,4
356,foi envi,was UND,5
357,foi feit,was made,4
358,foi produt,was produt,4
359,foi receb,was received,5
360,for entreg,Forward,4
361,forte night,night,6
362,forte night hor,Hot fortnite,5
363,fret car,fret car,7
364,fret receb,Fret receives,4
365,fret tiv,Fret Tiv,4
366,gineta tin,tin,4
367,gost devolv,gost return,5
368,gost produt,gost produt,7
369,gost sab,horn,20
370,gost uma,hike,6
371,grev caminh,strike path,4
372,hoj dia,Hoj day,7
373,hoj nad,hoj nad,6
374,hoj receb,Hoj receives,5
375,hor compr,hor,6
376,hundred and,Hundred and,96
377,hundred and fit,Hundred and Fit,6
378,hundred and fitá,Hundred and Fitá,6
379,hundred and forte,Hundred And Strong,9
380,hundred and gineta,Hundred and Gineta,4
381,hundred and night,Hundred and Night,7
382,hundred and setenta,Hundred And Seventy,7
383,hundred and setenta on,Hundred and Seventy On,4
384,hundred and sexta,Hundred and Friday,11
385,hundred and tent,Hundred and Tent,6
386,hundred and tento,Hundred and Tento,8
387,impress há,impress,4
388,inferi que,inferior,4
389,inform sobr,Inform Sob,8
390,ir busc,go busc,4
391,ir correi,jerk,4
392,ja pass,ja pass,4
393,ja pass praz,ja pass praz,3
394,ja pass praz entreg,ja pass praz delivery,3
395,ja solicit,ja request,4
396,jog cam,jog,3
397,jour dia,Jour day,4
398,jour eighteen,Jour Eighteen,5
399,jour hundred,hundred jour,5
400,jour hundred and,Jour Hundred And,4
401,jour produt,Jour Produt,3
402,jour thousand,Jour Thousand,7
403,jour thousand and,Jour Thousand and,5
404,jour thousand and eighteen,Jour Thousand and Eighteen,5
405,já pag,already pag,5
406,lannist não,lannist,4
407,lannister com,Lannister with,11
408,lent contat,Lent Contat,4
409,loj americ,loj amer,3
410,loj com,loj with,3
411,loj envi,loj UND,4
412,loj lannist,Lannister Store,19
413,loj poi,loj poi,4
414,loj vend,shop for sale,3
415,lug err,Lug Err,3
416,luminár só,luminár,4
417,mais um,another,4
418,mais um mê,one more month,3
419,mal embal,poorly,3
420,mal feit,feit,5
421,mand err,mandr,3
422,mand mail,mand,11
423,mand mens,mand,4
424,mand outr,mand,9
425,mand outr produt,made out product,6
426,mand produt,Mand,4
427,mand tão,so,6
428,mand tão hundred,mand so hundred,3
429,mand tão hundred and,Mand So Hundred And,3
430,me entreg,I give myself,18
431,me envi,send me,16
432,me mand,send me,9
433,me mand tão,send me so,5
434,mesm assim,so,11
435,mesm dia,day,7
436,mesm produt,same product,7
437,meu cart,My Cart,8
438,meu dinh,My Dinh,14
439,meu dinh volt,My Dinh Volt,5
440,meu ped,my ped,9
441,meu produt,My Produt,22
442,million tão,Million as,4
443,million tão hundred,Million So Hundred,4
444,million tão hundred and,Million as hundred and,4
445,minh cas,Minh cas,9
446,minh cidad,my city,4
447,minh compr,Minh Congo,4
448,minh resid,Minh Resid,9
449,moment nad,Moment Nad,5
450,moment não,Moment not,4
451,moment receb,moment,11
452,moment receb produt,Moment Produt,6
453,moment tiv,Moment Tiv,4
454,muit decepcion,MUIT DECEPCION,5
455,muit satisfeit,very satisfied,7
456,muit temp,MUIT TEMP,4
457,má qual,male,5
458,máx entreg,max delivery,4
459,na caix,in the box,5
460,na verdad,in Verdad,4
461,nad aind,nothing yet,4
462,nad entreg,nad deliver,5
463,nad ver,nad see,10
464,nenhum respost,no respost,6
465,nenhum retorn,no return,9
466,nenhum satisf,no satisfying,6
467,nenhum telefon,no telephone,3
468,night aind,night aind,5
469,night até,night to,3
470,night hor,Night Hot,5
471,night hundred,night hundred,6
472,night hundred and,Night Hundred And,6
473,night thousand,Night Thousand,12
474,night thousand and,Night Thousand and,8
475,night thousand and eighteen,Night Thousand and Eighteen,8
476,ninguém atend,nobody attend,3
477,ninguém entr,nobody enters,6
478,ninguém entr contat,no one in contact,6
479,ninguém respond,nobody respond,8
480,ninguém ritorn,nobody ritorn,4
481,no aguard,in the aguard,7
482,no anúnci,In the advertisement,5
483,no correi,in the mail,3
484,no dia,in day,3
485,no estoqu,in stock,4
486,nom outr,nom,7
487,nom outr pesso,Nom Person,5
488,not fiscal,fiscal,68
489,not fiscal const,Not a fiscal,4
490,not fiscal produt,invoice product,4
491,not fiscal vei,Not tax,5
492,not vei,not vei,3
493,nunc acontec,nunc,4
494,nunc compr,nunc,6
495,não cheg,no arrives,23
496,não cheg nad,nothing,4
497,não cheg produt,Do not Stand Produt,3
498,não com,not with,3
499,não compr,no,10
500,não consegu,I can not,13
501,não consig,I can not,24
502,não consig contat,I can not contact,4
503,não consig fal,I can not speak,3
504,não cumpr,unfold,4
505,não der,do not,5
506,não encaix,do not fit,3
507,não entorn,non-annoy,3
508,não entreg,mistretch,27
509,não envi,no,3
510,não estoqu,No stock,3
511,não foi,it was not,3
512,não func,func,9
513,não gost,no,8
514,não gost produt,Do not like Produt,4
515,não indic,notice,3
516,não inform,non-information,5
517,não obtiv,no obtiv,12
518,não obtiv respost,I got no answer,8
519,não orig,not origin,4
520,não poss,I can not,5
521,não prest,no,3
522,não pret,unprettured,3
523,não produt,unproductive,3
524,não que,not,3
525,não quer,do not want,6
526,não receb,do not receive,73
527,não receb nad,I did not get anything,3
528,não receb produt,I did not recieve the product,30
529,não recom,no,4
530,não resolv,unresponsive,3
531,não respond,do not respond,5
532,não sancion,No Sancion,5
533,não sei,I do not know,7
534,não ter,not,4
535,não tiv,no tiv,5
536,não vei,do not see,9
537,obtiv nenhum,obtiv,3
538,obtiv respost,obtive response,15
539,obtiv retorn,obtive return,8
540,olá boa,Hello good,3
541,on thousand,On Thousand,3
542,ond produt,ONE PRODUCT,3
543,one dia,one day,4
544,one gineta,gyna,3
545,one gineta tin,One Gineta Tin,3
546,one hundred,one hundred,33
547,one hundred and,One Hundred And,22
548,one hundred and fit,One Hundred and Fit,5
549,one hundred and tent,One Hundred And Tent,3
550,one hundred and tento,One Hundred and Tento,5
551,one mand,one man,4
552,one mand mens,One and Mens,3
553,one mê,one mê,6
554,one not,OneNote,4
555,one not fiscal,One Not Tax,3
556,one produt,ONE PRODUCT,8
557,one unidad,one unidad,10
558,orient troc,Orient Troc,4
559,os correi,The Ceri,5
560,outr compr,outr,5
561,outr marc,outr marc,5
562,outr model,outr model,8
563,outr pesso,another person,9
564,outr produt,other product,26
565,outr total,outr,6
566,outr total difer,outr total difer,5
567,pag doi,pag,6
568,pag dua,pag dua,5
569,pag fret,pag fret,17
570,pag não,pag,11
571,pag não receb,page does not receive,7
572,pag não receb produt,page has not received product,4
573,pag prim,pag,4
574,pag prim parcel,PAG Prim Parcel,4
575,pag produt,pag produt,4
576,pag tão,pag,7
577,pag tão unidad,pag so unit,4
578,pag vist,pag vist,4
579,papel pared,paper,4
580,par ser,pair,4
581,parc targaryen,Parc Targaryen,4
582,parec produt,Parec Produt,4
583,pass praz,pass,10
584,pass praz entreg,Pass Praz,6
585,ped cancel,Ped Cancel,9
586,ped cheg,pet chef,4
587,ped complet,ped completiz,4
588,ped doi,peddler,8
589,ped entreg,ped interg,5
590,ped foi,ped was,5
591,ped muit,Ped Muit,4
592,ped não,pedest,6
593,ped one,Ped One,4
594,ped produt,Ped Produt,6
595,ped troc,peddler,7
596,ped tão,peddler,4
597,ped vei,ped vei,4
598,pens ser,think,4
599,pod ser,can be,4
600,poi compr,POI COMP,6
601,poi ped,poi ped,6
602,poi produt,Poi Produt,9
603,poi produt vei,POI PRODUT VEI,4
604,porém foi,but it was,4
605,porém receb,however,7
606,porém vei,but I see,10
607,poss avali,possessions,10
608,pra sab,sab,4
609,praz entreg,deadline delivery,29
610,praz estipul,stipul,5
611,praz porém,plane,6
612,precis faz,Precision does,4
613,precis uma,need,6
614,pres dat,preset,7
615,pres dat receb,pres dat,5
616,pret vei,pret vei,4
617,previs entreg,Prediction delivery,9
618,previs entreg dia,Forecast Delivery Day,4
619,prim parcel,Prim parcel,5
620,prim vez,first time,10
621,produt agor,Product now,5
622,produt aguard,Produt Aguard,6
623,produt aind,product,35
624,produt aind cheg,product still arrives,11
625,produt aind foi,product was still,11
626,produt aind foi entreg,product was still delivered,10
627,produt anunci,Produt Anunci,5
628,produt até,Produt,7
629,produt baix,Product Low,4
630,produt baix qual,Product Low Which,4
631,produt bom,produce good,5
632,produt cheg,Chef Products,55
633,produt com,Produt,4
634,produt complet,product,6
635,produt compr,Produt,37
636,produt conform,product according to,5
637,produt const,Produt Const,6
638,produt cor,produt color,6
639,produt correspond,produt correspond,5
640,produt corret,correct product,8
641,produt defeit,product,9
642,produt dess,produt des,4
643,produt dia,produt day,6
644,produt difer,Produt Defer,18
645,produt difer que,PRODUT DIFER,5
646,produt ent,produt,4
647,produt entreg,product delivered,43
648,produt entreg porém,product delivered,4
649,produt envi,Produt,9
650,produt err,Product error,25
651,produt est,Product,7
652,produt estoqu,Product stock,4
653,produt eu,Product,4
654,produt fals,product,6
655,produt falsific,Produt fake,4
656,produt falt,Product Flat,6
657,produt foi,Product was,36
658,produt foi entreg,product was delivered,28
659,produt func,Produt Func,10
660,produt ja,produt already,5
661,produt já,produt already,4
662,produt mand,produt,6
663,produt me,Produt,8
664,produt me entreg,Product deliver me,4
665,produt mesm,product,8
666,produt meu,produt my,4
667,produt muit,much product,4
668,produt nem,produt,8
669,produt não,produt not,41
670,produt não cheg,product does not arrive,4
671,produt não entreg,product not delivered,5
672,produt não receb,product does not receive,5
673,produt one,produt one,4
674,produt orig,produt orig,11
675,produt outr,Product Out,8
676,produt pag,Produt Pag,7
677,produt parec,PRODUT PARECEC,4
678,produt ped,Produt Ped,5
679,produt poi,produt poi,12
680,produt por,produt by,4
681,produt porém,produt however,4
682,produt praz,produt pleasure,10
683,produt péss,Product feet,12
684,produt péss qual,Product feet,11
685,produt qual,produt what,8
686,produt quer,Produt,6
687,produt receb,Product receives,25
688,produt receb outr,Product receives another,7
689,produt retorn,Product Return,4
690,produt ser,produce,4
691,produt so,Produt,4
692,produt só,produt,5
693,produt ter,produce,4
694,produt total,prodUT total,7
695,produt total difer,Produt Total Defer,7
696,produt tão,Produt,4
697,produt um,produt a,8
698,produt um códig,Product a code,3
699,produt um códig vem,Product a code comes,3
700,produt uma,produt a,4
701,produt us,produt us,3
702,produt vei,Produt Vei,89
703,produt vei caix,Produt Vei Box,3
704,produt vei conform,Product Vei,3
705,produt vei cor,Prod Vei Color,3
706,produt vei defeit,Produt Vei Defocit,12
707,produt vei difer,Produt Vei Defer,4
708,produt vei err,PRODU VEI ERR,11
709,produt vei falt,Product has lacked,6
710,produt vei outr,Product Vei outr,4
711,produt vei quebr,Produt Vei QueBr,4
712,produt vit,produt vit,5
713,propagand engan,prosecution,10
714,péss loj,feet shop,3
715,péss qual,mesess which,26
716,péss qual não,who does not,3
717,péss rend,Rend,5
718,qu abr,Q ABR,3
719,qual não,What's not,7
720,qual produt,which produt,7
721,qual péss,what are,5
722,qual recom,which one,3
723,qual ruim,What bad,4
724,quant tão,quant,3
725,quas mê,quas,5
726,quas tent,quasts,3
727,quas tent dia,quasts,3
728,quas tão,quasus so,3
729,quas tão mes,quasus so month,3
730,que acontec,happening,8
731,que compr,whipping,18
732,que envi,whip,5
733,que faz,that makes,4
734,que hav,that hav,4
735,que ir,want to go,3
736,que pag,that pag,6
737,que ped,ped,6
738,que produt,produce,4
739,que receb,that,9
740,que vai,which goes,3
741,quebr não,not,3
742,quebr quer,query,3
743,quer cancel,Whether you cancel,3
744,quer devoluç,want to return,6
745,quer devolv,want to return,13
746,quer devolv produt,want to return product,4
747,quer dinh,want money,19
748,quer dinh volt,Want Dinh Volt,16
749,quer estorv,whether ESTORV,3
750,quer faz,you want to do,3
751,quer meu,want my,6
752,quer meu dinh,Want my money,4
753,quer meu dinh volt,want my dinh volt,3
754,quer outr,either outr,4
755,quer produt,either produt,10
756,quer receb,want to receive,7
757,quer sab,want to know,17
758,quer sab que,you want to know that,5
759,quer troc,either troc,10
760,realiz compr,conducive,11
761,realiz dia,day,3
762,realiz troc,trig,5
763,receb aguard,receive,4
764,receb aind,I still received,5
765,receb apen,receive apen,40
766,receb apen one,receive APEN ONE,17
767,receb apen one unidad,receive APEN ONE UNIDAD,3
768,receb caix,Cash,4
769,receb compr,receive,9
770,receb códig,Recent Category,3
771,receb difer,Defer,4
772,receb dinh,receive money,5
773,receb dinh volt,Receive money back,4
774,receb dua,receive dua,5
775,receb encomend,Receive Order,4
776,receb entreg,Return,3
777,receb jour,Get Jour,3
778,receb mail,receive mail,7
779,receb mercad,I received a market,13
780,receb meu,receive my,7
781,receb meu produt,Receur my product,6
782,receb nad,receive nad,10
783,receb nenhum,none,8
784,receb not,receive,5
785,receb not fiscal,Receivable news,4
786,receb não,receive no,5
787,receb one,receive one,8
788,receb outr,Record,20
789,receb outr produt,receive outr produt,6
790,receb ped,receive ped,9
791,receb praz,Send Praz,6
792,receb produt,Receive Produt,232
793,receb produt aind,I received a product yet,9
794,receb produt complet,Receive Complet,5
795,receb produt compr,Receive Produt,9
796,receb produt corret,Receive Correct,4
797,receb produt difer,Receive Defer,5
798,receb produt err,Produt Err,12
799,receb produt nem,receives,6
800,receb produt não,receives not,4
801,receb produt por,Produt by,4
802,receb produt praz,I received product term,8
803,receb que,receive,6
804,receb soment,receive soment,11
805,receb soment one,receive soment one,6
806,receb tre,receive tre,4
807,receb tão,receive so,5
808,receb vei,receive vei,5
809,reclam não,reclam,4
810,recom loj,loj,9
811,recomend loj,Recommend Store,6
812,reembols val,Reembols Val,4
813,relógi vei,old clock,4
814,resolv problem,Resolve Problem,18
815,respeit client,Respect Client,8
816,respeit consum,respect,4
817,respond mail,answer mail,5
818,ressarc val,RESARCC Val,5
819,retir correi,withdraw,6
820,retorn loj,Return loj,4
821,ric se,ric,4
822,sab porqu,do you know why,4
823,sab que,saber,11
824,sab que acontec,happening,4
825,sab vai,sab,6
826,se pass,pass,4
827,segund vez,second time,6
828,sempr compr,sempr,17
829,sempr compr lannist,SEMPR LANNIST,4
830,send não,Send does not,4
831,ser entreg,be delivered,18
832,ser entreg dia,be deliver,4
833,ser feit,feit,4
834,ser hundred,Hundred,5
835,setenta on,Seventy On,5
836,sid entreg,Sid deliver,4
837,sim hundred,Yes Hundred,10
838,sim hundred and,Yes Hundred and,9
839,sim hundred and sexta,Yes Hundred and Friday,4
840,sim night,Yes Night,4
841,sim sim,Yes Yes,4
842,sim thousand,Yes THOUSAND,11
843,sim thousand and,Yes Thousand and,10
844,sim thousand and eighteen,Yes THOUSAND AND EIGHTEEN,10
845,simples entreg,simple,4
846,so cheg,I'm a chef,4
847,so entreg,just deliver,4
848,so receb,just receive,5
849,solicit cancel,Request Cancel,13
850,solicit devoluç,solicit,23
851,solicit devoluç produt,Request Return Product,5
852,solicit troc,request troc,13
853,solicit troc produt,Request exchange product,4
854,soluç problem,soluç problem,5
855,soment one,soment one,12
856,só cheg,only,6
857,só entreg,just deliver,6
858,só receb,only,22
859,só vei,only,6
860,tem compr,It has,4
861,tem nad,Nad,7
862,tem nad ver,has nad see,5
863,tent contat,Tent Contat,6
864,tent devolv,Tent Devold,4
865,tent dia,tent,5
866,tent entr,Tent ENTR,9
867,tent entr contat,Tent Enter Account,8
868,tento jour,Tento Jour,9
869,tento night,try night,6
870,tento on,I try on,5
871,tento sim,I try to,4
872,tento tine,try,5
873,tento tiv,tent,5
874,tento tres,trues,4
875,ter compr,compose,4
876,ter receb,receive,4
877,ter sid,sid,5
878,thousand and,THOUSAND AND,37
879,thousand and eighteen,THOUSAND AND EIGHTEEN,30
880,thousand and eighteen até,Thousand and Eighteen until,6
881,thousand one,thousand one,4
882,thousand tre,THOUSAND TRE,6
883,thousand tre hundred,THOUSAND TRE Hundred,6
884,thousand tre hundred and,THOUSAND TRE Hundred and,6
885,tin hundred,hundred tin,10
886,tin hundred and,Tin Hundred and,10
887,tin thousand,Tin Thousand,4
888,tine night,TINE NIGHT,4
889,tinh produt,Tinh Produt,4
890,tinh sid,Tinh Sid,5
891,tirt dia,tirt day,5
892,tirte jour,Tire Jour,5
893,tiv dia,tiv,5
894,tiv hundred,tiv hundred,8
895,tiv hundred and,Tiv Hundred And,5
896,tiv nenhum,tiv,6
897,tiv respost,I had an answer,4
898,tiv retorn,Tiv Return,9
899,tive eighteen,I had Eighteen,4
900,total difer,total difference,19
901,total err,total er,5
902,total satisfeit,total satisfied,5
903,tre hundred,hundred,11
904,tre hundred and,Hundred and,9
905,tre produt,TRE PRODUT,4
906,tre unidad,tre unidad,3
907,tres jour,Tres Jour,6
908,troc aguard,Troc Aguard,3
909,troc não,no,6
910,troc outr,troc outr,3
911,troc poi,Troc POI,3
912,troc produt,Troc Produt,20
913,troc produt poi,Troc Produt POI,3
914,troc vit,Troc Vit,8
915,trê unidad,Tres United,3
916,tud cert,tud cert,4
917,tão cartuch,so carth,3
918,tão dia,so day,4
919,tão doi,so hurt,3
920,tão fit,so fit,3
921,tão hundred,so houndred,19
922,tão hundred and,So Hundred And,17
923,tão hundred and twentyv,Two Hundred and Twenty,3
924,tão luminár,so luminair,4
925,tão mes,so much,4
926,tão night,so night,4
927,tão night thousand,So Night Thousand,3
928,tão night thousand and,So Night Thousand And,3
929,tão oit,so oit,3
930,tão produt,so produt,11
931,tão relógi,so watch,3
932,tão sim,so yes,3
933,tão tem,so you have,4
934,tão thousand,so thousand,6
935,tão thousand and,so thousand and,5
936,tão unidad,so united,13
937,tão unidad produt,So unidad Produt,3
938,tão vez,then,3
939,um códig,a code,3
940,um códig vem,A codig comes,3
941,um códig vem outr,one code in another,3
942,um produt,a product,8
943,uma empr,a company,3
944,uma pos,a pos,6
945,uma respost,an answer,5
946,uma répl,a repl,3
947,uma seman,seman,5
948,uma soluç,a solution,4
949,unidad aguard,Unidad Aguard,3
950,unidad produt,Unidad Produt,7
951,unidad receb,UNIDAD,4
952,unidad receb apen,UNIDAD RECE APEN,3
953,unidad sra,miserable,3
954,vai fic,Go fic,4
955,vai ser,will be,5
956,val cart,Val Cart,3
957,val compr,Val Congo,3
958,val pag,Val Pag,13
959,val preç,Val Press,3
960,val produt,Val Produt,4
961,vei apen,vei apen,9
962,vei av,vei av,3
963,vei caix,vei box,5
964,vei conform,vei,4
965,vei cor,vei color,8
966,vei cor err,Vei color err,4
967,vei corret,Vei Corret,3
968,vei defeit,vei defit,18
969,vei defeit func,Vei Defit Func,3
970,vei difer,vei differ,7
971,vei err,vei err,17
972,vei falt,vei falt,16
973,vei one,vei one,9
974,vei outr,vei outr,13
975,vei pag,vei pag,3
976,vei produt,Vei Produt,5
977,vei quant,vei quant,3
978,vei quebr,vei quebr,13
979,vei santific,vei santific,4
980,vei soment,vei,6
981,vei total,total,5
982,vei total err,Vei Total Err,3
983,vei um,I saw a,5
984,vem outr,Come out,3
985,vem outr total,Come on Total,3
986,vem outr total difer,Come Out Total Defer,3
987,venc praz,Sunday,3
988,vend produt,sale product,10
989,vend produt fals,Vend Produt,3
990,vend produt não,Vend Produt No,3
991,vez compr,bulk,6
992,vez não,no,5
993,vez receb,time,7
994,vit lannist,Vit Lannist,16
995,vit st,vit st,4
996,vo mand,mand,4
997,vou receb,I'll receive,4
998,vou ter,I will have,4
999,zer real,zer,4
